{
    "loss": 12.606169700622559,
    "accuracy": 0.515999972820282
}